Workbook

Sheet ticket
A1: cms_id | B1: created_at | C1: closed_at | D1: outlet | E1: Same Day? | F1: Same Hour?
A2: TKT-1001 | B2: 44505.385 | C2: 44505.403 | D2: Amherst | E2: =INT(B2)=INT(C2) -> TRUE | F2: =HOUR(B2)=HOUR(C2) -> TRUE
A3: TKT-1002 | B3: 44505.674 | C3: 44505.774 | D3: Amherst | E3: =INT(B3)=INT(C3) -> TRUE | F3: =HOUR(B3)=HOUR(C3) -> FALSE
A4: TKT-1003 | B4: 44506.42 | C4: 44507.42 | D4: Buffalo | E4: =INT(B4)=INT(C4) -> FALSE | F4: =HOUR(B4)=HOUR(C4) -> TRUE
A5: TKT-1004 | B5: 44506.597 | C5: 44506.618 | D5: Buffalo | E5: =INT(B5)=INT(C5) -> TRUE | F5: =HOUR(B5)=HOUR(C5) -> TRUE
A6: TKT-1005 | B6: 44507.365 | C6: 44507.427 | D6: Cupertino | E6: =INT(B6)=INT(C6) -> TRUE | F6: =HOUR(B6)=HOUR(C6) -> FALSE
A7: TKT-1006 | B7: 44507.375 | C7: 44507.413 | D7: Cupertino | E7: =INT(B7)=INT(C7) -> TRUE | F7: =HOUR(B7)=HOUR(C7) -> TRUE
A8: TKT-1007 | B8: 44508.479 | C8: 44508.5 | D8: Amherst | E8: =INT(B8)=INT(C8) -> TRUE | F8: =HOUR(B8)=HOUR(C8) -> FALSE
A9: TKT-1008 | B9: 44508.521 | C9: 44508.524 | D9: Buffalo | E9: =INT(B9)=INT(C9) -> TRUE | F9: =HOUR(B9)=HOUR(C9) -> TRUE

Sheet feedbacks
A1: cms_id | B1: rating | C1: comment | D1: created_at_from_ticket
A2: TKT-1001 | B2: 5 | C2: Great support | D2: =VLOOKUP(A2,ticket!$A:$B,2,FALSE) -> 44505.385
A3: TKT-1004 | B3: 3 | C3: Okay | D3: =VLOOKUP(A3,ticket!$A:$B,2,FALSE) -> 44506.597
A4: TKT-1006 | B4: 4 | C4: Quick fix | D4: =VLOOKUP(A4,ticket!$A:$B,2,FALSE) -> 44507.375
A5: TKT-1008 | B5: 2 | C5: Took longer than expected | D5: =VLOOKUP(A5,ticket!$A:$B,2,FALSE) -> 44508.521

Sheet Summary
A1: Outlet | B1: CountSameDayAndHour | C1: CountSameDay | D1: CountSameHour
A2: Amherst | B2: =COUNTIFS(ticket!$D:$D,$A2,ticket!$E:$E,TRUE,ticket!$F:$F,TRUE) -> 1 | C2: =COUNTIFS(ticket!$D:$D,$A2,ticket!$E:$E,TRUE) -> 3 | D2: =COUNTIFS(ticket!$D:$D,$A2,ticket!$F:$F,TRUE) -> 1
A3: Buffalo | B3: =COUNTIFS(ticket!$D:$D,$A3,ticket!$E:$E,TRUE,ticket!$F:$F,TRUE) -> 2 | C3: =COUNTIFS(ticket!$D:$D,$A3,ticket!$E:$E,TRUE) -> 2 | D3: =COUNTIFS(ticket!$D:$D,$A3,ticket!$F:$F,TRUE) -> 3
A4: Cupertino | B4: =COUNTIFS(ticket!$D:$D,$A4,ticket!$E:$E,TRUE,ticket!$F:$F,TRUE) -> 1 | C4: =COUNTIFS(ticket!$D:$D,$A4,ticket!$E:$E,TRUE) -> 2 | D4: =COUNTIFS(ticket!$D:$D,$A4,ticket!$F:$F,TRUE) -> 1
